Topic,Description
Open Source Software Development,"Best practices and community engagement strategies for maintaining and contributing to open-source projects, including frameworks, libraries, and tools."
Cybersecurity and Threat Analysis,"Tools and methodologies for vulnerability detection, network traffic analysis, and secure data management."
High-Performance Computing and Simulation,"Applications of HPC in modeling, simulation, and optimization across various domains such as fluid dynamics, materials science, and quantum computing."
Geospatial and Earth Observation Technologies,"Software and frameworks for managing, visualizing, and analyzing geospatial data, including 3D mapping and remote sensing."
Web and Design Standards,"Implementation and benefits of federal web design standards, including accessibility, user-centered design, and mobile-friendly practices."
Artificial Intelligence and Machine Learning,"Developing AI frameworks for specific applications such as predictive modeling, image recognition, and reinforcement learning."
Embedded Systems and Robotics,"Design and development of frameworks for flight systems, autonomous robotics, and real-time control applications."
Data Integration and Analytics,"Leveraging APIs, metadata standards, and visualization tools for managing, processing, and analyzing large datasets."
Environmental and Energy Applications,"Tools for modeling energy efficiency, hydrologic systems, and climate impacts, including renewable energy and sustainability efforts."
Space and Planetary Exploration Technologies,"Software and tools supporting NASA missions, from planetary rovers and trajectory modeling to 3D terrain analysis and mission control systems."
